run_id,paper_id,model,method,seed,timestamp,status,config_path,output_path,metrics_path,notes
BTM-2025_codegen350M_promptmit_v1_20260219_185944,BTM-2025,codegen350M,promptmit_v1,1..5,20260219_185944,completed,Codes/mitigation/configs/BTM-2025/btm_prompt_mitigation_v1.json,/Users/dhrubadatta/Documents/Research/CodeAudit X/Codes/mitigation/runs/BTM-2025_codegen350M_promptmit_v1_20260219_185944,/Users/dhrubadatta/Documents/Research/CodeAudit X/Codes/mitigation/runs/BTM-2025_codegen350M_promptmit_v1_20260219_185944/BTM-2025_codegen350M_promptmit_v1_20260219_185944_metrics.json,Pilot run for BTM-2025
BTM-2025_codegen350M_promptmit_v1_20260219_190130,BTM-2025,codegen350M,promptmit_v1,1..5,20260219_190130,completed,Codes/mitigation/configs/BTM-2025/btm_prompt_mitigation_v1.json,/Users/dhrubadatta/Documents/Research/CodeAudit X/Codes/mitigation/runs/BTM-2025_codegen350M_promptmit_v1_20260219_190130,/Users/dhrubadatta/Documents/Research/CodeAudit X/Codes/mitigation/runs/BTM-2025_codegen350M_promptmit_v1_20260219_190130/BTM-2025_codegen350M_promptmit_v1_20260219_190130_metrics.json,Pilot run for BTM-2025
BTM-2025_codegen350M_promptmit_v2_20260219_190744,BTM-2025,codegen350M,promptmit_v2,1..5,20260219_190744,completed,Codes/mitigation/configs/BTM-2025/btm_prompt_mitigation_v2.json,/Users/dhrubadatta/Documents/Research/CodeAudit X/Codes/mitigation/runs/BTM-2025_codegen350M_promptmit_v2_20260219_190744,/Users/dhrubadatta/Documents/Research/CodeAudit X/Codes/mitigation/runs/BTM-2025_codegen350M_promptmit_v2_20260219_190744/BTM-2025_codegen350M_promptmit_v2_20260219_190744_metrics.json,v2 Refinement: strict extraction + mirror
BTM-2025_codegen350M_promptmit_v3_20260219_191319,BTM-2025,codegen350M,promptmit_v3,1..5,20260219_191319,completed,Codes/mitigation/configs/BTM-2025/btm_prompt_mitigation_v3.json,/Users/dhrubadatta/Documents/Research/CodeAudit X/Codes/mitigation/runs/BTM-2025_codegen350M_promptmit_v3_20260219_191319,/Users/dhrubadatta/Documents/Research/CodeAudit X/Codes/mitigation/runs/BTM-2025_codegen350M_promptmit_v3_20260219_191319/BTM-2025_codegen350M_promptmit_v3_20260219_191319_metrics.json,v3 Refinement: relaxed constraints + robust fallbacks
BTM-2025_codegen350M_postgenast_v1_20260219_193826,BTM-2025,codegen350M,postgen_ast_v1,1..5,20260219_193826,completed,Codes/mitigation/configs/BTM-2025/btm_postgen_ast_v1.json,/Users/dhrubadatta/Documents/Research/CodeAudit X/Codes/mitigation/runs/BTM-2025_codegen350M_postgenast_v1_20260219_193826,/Users/dhrubadatta/Documents/Research/CodeAudit X/Codes/mitigation/runs/BTM-2025_codegen350M_postgenast_v1_20260219_193826/BTM-2025_codegen350M_postgenast_v1_20260219_193826_metrics.json,Post-gen AST scrub from BTM-2025_codegen350M_promptmit_v2_20260219_190744
BTM-2025_qwen1.5b_promptmit_v1_20260219_202938,BTM-2025,qwen1.5b,promptmit_v1,1..5,20260219_202938,completed,Codes/mitigation/configs/BTM-2025/btm_prompt_mitigation_qwen1.5b_v1.json,/Users/dhrubadatta/Documents/Research/CodeAudit X/Codes/mitigation/runs/BTM-2025_qwen1.5b_promptmit_v1_20260219_202938,/Users/dhrubadatta/Documents/Research/CodeAudit X/Codes/mitigation/runs/BTM-2025_qwen1.5b_promptmit_v1_20260219_202938/BTM-2025_qwen1.5b_promptmit_v1_20260219_202938_refined_metrics.json,Model Pivot: Qwen2.5-Coder-1.5B pilot
BTM-2025_qwen1.5b_promptmit_v2_20260219_205735,BTM-2025,qwen1.5b,promptmit_v2,1..5,20260219_205735,completed,Codes/mitigation/configs/BTM-2025/btm_prompt_mitigation_qwen1.5b_v2.json,/Users/dhrubadatta/Documents/Research/CodeAudit X/Codes/mitigation/runs/BTM-2025_qwen1.5b_promptmit_v2_20260219_205735,/Users/dhrubadatta/Documents/Research/CodeAudit X/Codes/mitigation/runs/BTM-2025_qwen1.5b_promptmit_v2_20260219_205735/BTM-2025_qwen1.5b_promptmit_v2_20260219_205735_refined_metrics.json,Qwen v2: Strict Anti-Placeholder Refresh
BTM-2025_qwen1.5b_postgenast_v1_20260219_210356,BTM-2025,qwen1.5b,postgen_ast_v1,1..5,20260219_210356,completed,Codes/mitigation/configs/BTM-2025/btm_postgen_qwen_v2.json,/Users/dhrubadatta/Documents/Research/CodeAudit X/Codes/mitigation/runs/BTM-2025_qwen1.5b_postgenast_v1_20260219_210356,/Users/dhrubadatta/Documents/Research/CodeAudit X/Codes/mitigation/runs/BTM-2025_qwen1.5b_postgenast_v1_20260219_210356/BTM-2025_qwen1.5b_postgenast_v1_20260219_210356_refined_metrics.json,Post-gen AST scrub from BTM-2025_qwen1.5b_promptmit_v2_20260219_205735
BTM-2025_deepseek1.3b_promptmit_v1_20260219_221830,BTM-2025,deepseek1.3b,promptmit_v1,1..5,20260219_221830,completed,Codes/mitigation/configs/BTM-2025/btm_prompt_mitigation_deepseek1.3b_v1.json,/Users/dhrubadatta/Documents/Research/CodeAudit X/Codes/mitigation/runs/BTM-2025_deepseek1.3b_promptmit_v1_20260219_221830,/Users/dhrubadatta/Documents/Research/CodeAudit X/Codes/mitigation/runs/BTM-2025_deepseek1.3b_promptmit_v1_20260219_221830/BTM-2025_deepseek1.3b_promptmit_v1_20260219_221830_refined_metrics.json,DeepSeek-Coder Pivot
BTM-2025_deepseek1.3b_postgenast_v1_20260219_223308,BTM-2025,deepseek1.3b,postgen_ast_v1,1..5,20260219_223308,completed,Codes/mitigation/configs/BTM-2025/btm_postgen_deepseek_v1.json,/Users/dhrubadatta/Documents/Research/CodeAudit X/Codes/mitigation/runs/BTM-2025_deepseek1.3b_postgenast_v1_20260219_223308,/Users/dhrubadatta/Documents/Research/CodeAudit X/Codes/mitigation/runs/BTM-2025_deepseek1.3b_postgenast_v1_20260219_223308/BTM-2025_deepseek1.3b_postgenast_v1_20260219_223308_refined_metrics.json,Post-gen AST scrub from BTM-2025_deepseek1.3b_promptmit_v1_20260219_221830
BTM-2025_deepseek1.3b_promptmit_v2_20260219_230223,BTM-2025,deepseek1.3b,promptmit_v2,1..5,20260219_230223,completed,Codes/mitigation/configs/BTM-2025/btm_prompt_mitigation_deepseek1.3b_v2.json,/Users/dhrubadatta/Documents/Research/CodeAudit X/Codes/mitigation/runs/BTM-2025_deepseek1.3b_promptmit_v2_20260219_230223,/Users/dhrubadatta/Documents/Research/CodeAudit X/Codes/mitigation/runs/BTM-2025_deepseek1.3b_promptmit_v2_20260219_230223/BTM-2025_deepseek1.3b_promptmit_v2_20260219_230223_refined_metrics.json,DeepSeek v2: Refined AI_01 prompt
BTM-2025_deepseek1.3b_postgenast_v2_20260219_231544,BTM-2025,deepseek1.3b,postgen_ast_v2,1..5,20260219_231544,completed,Codes/mitigation/configs/BTM-2025/btm_postgen_deepseek_v2.json,/Users/dhrubadatta/Documents/Research/CodeAudit X/Codes/mitigation/runs/BTM-2025_deepseek1.3b_postgenast_v2_20260219_231544,/Users/dhrubadatta/Documents/Research/CodeAudit X/Codes/mitigation/runs/BTM-2025_deepseek1.3b_postgenast_v2_20260219_231544/BTM-2025_deepseek1.3b_postgenast_v2_20260219_231544_refined_metrics.json,Post-gen AST scrub from BTM-2025_deepseek1.3b_promptmit_v2_20260219_230223
FC-2025_codegen350M_promptmit_v1_20260220_101952,FC-2025,codegen350M,promptmit_v1,1..5,20260220_101952,completed,Codes/mitigation/configs/FC-2025/fc_prompt_mitigation_codegen350M_v1.json,/Users/dhrubadatta/Documents/Research/CodeAudit X/Codes/mitigation/runs/FC-2025_codegen350M_promptmit_v1_20260220_101952,/Users/dhrubadatta/Documents/Research/CodeAudit X/Codes/mitigation/runs/FC-2025_codegen350M_promptmit_v1_20260220_101952/FC-2025_codegen350M_promptmit_v1_20260220_101952_refined_metrics.json,FC-2025 codegen350M v1
FC-2025_codegen350M_promptmit_v2_20260220_101952,FC-2025,codegen350M,promptmit_v2,1..5,20260220_101952,completed,Codes/mitigation/configs/FC-2025/fc_prompt_mitigation_codegen350M_v2.json,/Users/dhrubadatta/Documents/Research/CodeAudit X/Codes/mitigation/runs/FC-2025_codegen350M_promptmit_v2_20260220_101952,/Users/dhrubadatta/Documents/Research/CodeAudit X/Codes/mitigation/runs/FC-2025_codegen350M_promptmit_v2_20260220_101952/FC-2025_codegen350M_promptmit_v2_20260220_101952_refined_metrics.json,FC-2025 codegen350M v2
FC-2025_codegen350M_postgenast_v1_20260220_102440,FC-2025,codegen350M,postgen_ast_v1,1..5,20260220_102440,completed,Codes/mitigation/configs/FC-2025/fc_postgen_codegen350M_v1.json,/Users/dhrubadatta/Documents/Research/CodeAudit X/Codes/mitigation/runs/FC-2025_codegen350M_postgenast_v1_20260220_102440,/Users/dhrubadatta/Documents/Research/CodeAudit X/Codes/mitigation/runs/FC-2025_codegen350M_postgenast_v1_20260220_102440/FC-2025_codegen350M_postgenast_v1_20260220_102440_refined_metrics.json,Post-gen AST scrub from FC-2025_codegen350M_promptmit_v2_20260220_101952
FC-2025_qwen1.5b_promptmit_v1_20260220_102500,FC-2025,qwen1.5b,promptmit_v1,1..5,20260220_102500,completed,Codes/mitigation/configs/FC-2025/fc_prompt_mitigation_qwen1.5b_v1.json,/Users/dhrubadatta/Documents/Research/CodeAudit X/Codes/mitigation/runs/FC-2025_qwen1.5b_promptmit_v1_20260220_102500,/Users/dhrubadatta/Documents/Research/CodeAudit X/Codes/mitigation/runs/FC-2025_qwen1.5b_promptmit_v1_20260220_102500/FC-2025_qwen1.5b_promptmit_v1_20260220_102500_refined_metrics.json,FC-2025 qwen1.5b v1
FC-2025_qwen1.5b_promptmit_v2_20260220_102505,FC-2025,qwen1.5b,promptmit_v2,1..5,20260220_102505,completed,Codes/mitigation/configs/FC-2025/fc_prompt_mitigation_qwen1.5b_v2.json,/Users/dhrubadatta/Documents/Research/CodeAudit X/Codes/mitigation/runs/FC-2025_qwen1.5b_promptmit_v2_20260220_102505,/Users/dhrubadatta/Documents/Research/CodeAudit X/Codes/mitigation/runs/FC-2025_qwen1.5b_promptmit_v2_20260220_102505/FC-2025_qwen1.5b_promptmit_v2_20260220_102505_refined_metrics.json,FC-2025 qwen1.5b v2
FC-2025_qwen1.5b_postgenast_v1_20260220_103018,FC-2025,qwen1.5b,postgen_ast_v1,1..5,20260220_103018,completed,Codes/mitigation/configs/FC-2025/fc_postgen_qwen1.5b_v1.json,/Users/dhrubadatta/Documents/Research/CodeAudit X/Codes/mitigation/runs/FC-2025_qwen1.5b_postgenast_v1_20260220_103018,/Users/dhrubadatta/Documents/Research/CodeAudit X/Codes/mitigation/runs/FC-2025_qwen1.5b_postgenast_v1_20260220_103018/FC-2025_qwen1.5b_postgenast_v1_20260220_103018_refined_metrics.json,Post-gen AST scrub from FC-2025_qwen1.5b_promptmit_v2_20260220_102505
FC-2025_deepseek1.3b_promptmit_v2_20260220_103110,FC-2025,deepseek1.3b,promptmit_v2,1..5,20260220_103110,completed,Codes/mitigation/configs/FC-2025/fc_prompt_mitigation_deepseek1.3b_v2.json,/Users/dhrubadatta/Documents/Research/CodeAudit X/Codes/mitigation/runs/FC-2025_deepseek1.3b_promptmit_v2_20260220_103110,/Users/dhrubadatta/Documents/Research/CodeAudit X/Codes/mitigation/runs/FC-2025_deepseek1.3b_promptmit_v2_20260220_103110/FC-2025_deepseek1.3b_promptmit_v2_20260220_103110_refined_metrics.json,FC-2025 deepseek1.3b v2
FC-2025_deepseek1.3b_promptmit_v1_20260220_103103,FC-2025,deepseek1.3b,promptmit_v1,1..5,20260220_103103,completed,Codes/mitigation/configs/FC-2025/fc_prompt_mitigation_deepseek1.3b_v1.json,/Users/dhrubadatta/Documents/Research/CodeAudit X/Codes/mitigation/runs/FC-2025_deepseek1.3b_promptmit_v1_20260220_103103,/Users/dhrubadatta/Documents/Research/CodeAudit X/Codes/mitigation/runs/FC-2025_deepseek1.3b_promptmit_v1_20260220_103103/FC-2025_deepseek1.3b_promptmit_v1_20260220_103103_refined_metrics.json,FC-2025 deepseek1.3b v1
FC-2025_deepseek1.3b_postgenast_v1_20260220_105015,FC-2025,deepseek1.3b,postgen_ast_v1,1..5,20260220_105015,completed,Codes/mitigation/configs/FC-2025/fc_postgen_deepseek1.3b_v1.json,/Users/dhrubadatta/Documents/Research/CodeAudit X/Codes/mitigation/runs/FC-2025_deepseek1.3b_postgenast_v1_20260220_105015,/Users/dhrubadatta/Documents/Research/CodeAudit X/Codes/mitigation/runs/FC-2025_deepseek1.3b_postgenast_v1_20260220_105015/FC-2025_deepseek1.3b_postgenast_v1_20260220_105015_refined_metrics.json,Post-gen AST scrub from FC-2025_deepseek1.3b_promptmit_v2_20260220_103110
FC-2025_codegen350M_function_implementation_promptmit_v1_20260220_122157,FC-2025,codegen350M,function_implementation_promptmit_v1,1..5,20260220_122157,completed,Codes/mitigation/configs/FC-2025/function_implementation/fc_prompt_mitigation_codegen350M_v1.json,/Users/dhrubadatta/Documents/Research/CodeAudit X/Codes/mitigation/runs/FC-2025_codegen350M_function_implementation_promptmit_v1_20260220_122157,/Users/dhrubadatta/Documents/Research/CodeAudit X/Codes/mitigation/runs/FC-2025_codegen350M_function_implementation_promptmit_v1_20260220_122157/FC-2025_codegen350M_function_implementation_promptmit_v1_20260220_122157_refined_metrics.json,FC-2025 codegen350M function_implementation v1
FC-2025_codegen350M_function_implementation_promptmit_v2_20260220_122209,FC-2025,codegen350M,function_implementation_promptmit_v2,1..5,20260220_122209,completed,Codes/mitigation/configs/FC-2025/function_implementation/fc_prompt_mitigation_codegen350M_v2.json,/Users/dhrubadatta/Documents/Research/CodeAudit X/Codes/mitigation/runs/FC-2025_codegen350M_function_implementation_promptmit_v2_20260220_122209,/Users/dhrubadatta/Documents/Research/CodeAudit X/Codes/mitigation/runs/FC-2025_codegen350M_function_implementation_promptmit_v2_20260220_122209/FC-2025_codegen350M_function_implementation_promptmit_v2_20260220_122209_refined_metrics.json,FC-2025 codegen350M function_implementation v2
FC-2025_codegen350M_function_implementation_promptmit_v1_20260220_122709,FC-2025,codegen350M,function_implementation_promptmit_v1,1..5,20260220_122709,completed,Codes/mitigation/configs/FC-2025/function_implementation/fc_prompt_mitigation_codegen350M_v1.json,/Users/dhrubadatta/Documents/Research/CodeAudit X/Codes/mitigation/runs/FC-2025_codegen350M_function_implementation_promptmit_v1_20260220_122709,/Users/dhrubadatta/Documents/Research/CodeAudit X/Codes/mitigation/runs/FC-2025_codegen350M_function_implementation_promptmit_v1_20260220_122709/FC-2025_codegen350M_function_implementation_promptmit_v1_20260220_122709_refined_metrics.json,FC-2025 codegen350M function_implementation v1
FC-2025_codegen350M_function_implementation_promptmit_v2_20260220_122737,FC-2025,codegen350M,function_implementation_promptmit_v2,1..5,20260220_122737,completed,Codes/mitigation/configs/FC-2025/function_implementation/fc_prompt_mitigation_codegen350M_v2.json,/Users/dhrubadatta/Documents/Research/CodeAudit X/Codes/mitigation/runs/FC-2025_codegen350M_function_implementation_promptmit_v2_20260220_122737,/Users/dhrubadatta/Documents/Research/CodeAudit X/Codes/mitigation/runs/FC-2025_codegen350M_function_implementation_promptmit_v2_20260220_122737/FC-2025_codegen350M_function_implementation_promptmit_v2_20260220_122737_refined_metrics.json,FC-2025 codegen350M function_implementation v2
FC-2025_codegen350M_test_case_generation_promptmit_v1_20260220_122958,FC-2025,codegen350M,test_case_generation_promptmit_v1,1..5,20260220_122958,completed,Codes/mitigation/configs/FC-2025/test_case_generation/fc_prompt_mitigation_codegen350M_v1.json,/Users/dhrubadatta/Documents/Research/CodeAudit X/Codes/mitigation/runs/FC-2025_codegen350M_test_case_generation_promptmit_v1_20260220_122958,/Users/dhrubadatta/Documents/Research/CodeAudit X/Codes/mitigation/runs/FC-2025_codegen350M_test_case_generation_promptmit_v1_20260220_122958/FC-2025_codegen350M_test_case_generation_promptmit_v1_20260220_122958_refined_metrics.json,FC-2025 codegen350M test_case_generation v1
FC-2025_codegen350M_test_case_generation_promptmit_v2_20260220_123043,FC-2025,codegen350M,test_case_generation_promptmit_v2,1..5,20260220_123043,completed,Codes/mitigation/configs/FC-2025/test_case_generation/fc_prompt_mitigation_codegen350M_v2.json,/Users/dhrubadatta/Documents/Research/CodeAudit X/Codes/mitigation/runs/FC-2025_codegen350M_test_case_generation_promptmit_v2_20260220_123043,/Users/dhrubadatta/Documents/Research/CodeAudit X/Codes/mitigation/runs/FC-2025_codegen350M_test_case_generation_promptmit_v2_20260220_123043/FC-2025_codegen350M_test_case_generation_promptmit_v2_20260220_123043_refined_metrics.json,FC-2025 codegen350M test_case_generation v2
FC-2025_codegen350M_function_implementation_postgenast_v1_20260220_123352,FC-2025,codegen350M,function_implementation_postgenast_v1,1..5,20260220_123352,completed,Codes/mitigation/configs/FC-2025/function_implementation/fc_postgen_codegen350M_v1.json,/Users/dhrubadatta/Documents/Research/CodeAudit X/Codes/mitigation/runs/FC-2025_codegen350M_function_implementation_postgenast_v1_20260220_123352,/Users/dhrubadatta/Documents/Research/CodeAudit X/Codes/mitigation/runs/FC-2025_codegen350M_function_implementation_postgenast_v1_20260220_123352/FC-2025_codegen350M_function_implementation_postgenast_v1_20260220_123352_refined_metrics.json,Post-gen AST scrub from FC-2025_codegen350M_function_implementation_promptmit_v2_20260220_122737
FC-2025_codegen350M_test_case_generation_postgenast_v1_20260220_123353,FC-2025,codegen350M,test_case_generation_postgenast_v1,1..5,20260220_123353,completed,Codes/mitigation/configs/FC-2025/test_case_generation/fc_postgen_codegen350M_v1.json,/Users/dhrubadatta/Documents/Research/CodeAudit X/Codes/mitigation/runs/FC-2025_codegen350M_test_case_generation_postgenast_v1_20260220_123353,/Users/dhrubadatta/Documents/Research/CodeAudit X/Codes/mitigation/runs/FC-2025_codegen350M_test_case_generation_postgenast_v1_20260220_123353/FC-2025_codegen350M_test_case_generation_postgenast_v1_20260220_123353_refined_metrics.json,Post-gen AST scrub from FC-2025_codegen350M_test_case_generation_promptmit_v2_20260220_123043
FC-2025_qwen1.5b_function_implementation_promptmit_v1_20260220_123420,FC-2025,qwen1.5b,function_implementation_promptmit_v1,1..5,20260220_123420,completed,Codes/mitigation/configs/FC-2025/function_implementation/fc_prompt_mitigation_qwen1.5b_v1.json,/Users/dhrubadatta/Documents/Research/CodeAudit X/Codes/mitigation/runs/FC-2025_qwen1.5b_function_implementation_promptmit_v1_20260220_123420,/Users/dhrubadatta/Documents/Research/CodeAudit X/Codes/mitigation/runs/FC-2025_qwen1.5b_function_implementation_promptmit_v1_20260220_123420/FC-2025_qwen1.5b_function_implementation_promptmit_v1_20260220_123420_refined_metrics.json,FC-2025 qwen1.5b function_implementation v1
FC-2025_qwen1.5b_function_implementation_promptmit_v2_20260220_123424,FC-2025,qwen1.5b,function_implementation_promptmit_v2,1..5,20260220_123424,completed,Codes/mitigation/configs/FC-2025/function_implementation/fc_prompt_mitigation_qwen1.5b_v2.json,/Users/dhrubadatta/Documents/Research/CodeAudit X/Codes/mitigation/runs/FC-2025_qwen1.5b_function_implementation_promptmit_v2_20260220_123424,/Users/dhrubadatta/Documents/Research/CodeAudit X/Codes/mitigation/runs/FC-2025_qwen1.5b_function_implementation_promptmit_v2_20260220_123424/FC-2025_qwen1.5b_function_implementation_promptmit_v2_20260220_123424_refined_metrics.json,FC-2025 qwen1.5b function_implementation v2
FC-2025_qwen1.5b_function_implementation_promptmit_v1_20260220_125023,FC-2025,qwen1.5b,function_implementation_promptmit_v1,1..5,20260220_125023,completed,Codes/mitigation/configs/FC-2025/function_implementation/fc_prompt_mitigation_qwen1.5b_v1.json,/Users/dhrubadatta/Documents/Research/CodeAudit X/Codes/mitigation/runs/FC-2025_qwen1.5b_function_implementation_promptmit_v1_20260220_125023,/Users/dhrubadatta/Documents/Research/CodeAudit X/Codes/mitigation/runs/FC-2025_qwen1.5b_function_implementation_promptmit_v1_20260220_125023/FC-2025_qwen1.5b_function_implementation_promptmit_v1_20260220_125023_refined_metrics.json,FC-2025 qwen1.5b function_implementation v1
FC-2025_qwen1.5b_function_implementation_promptmit_v2_20260220_125020,FC-2025,qwen1.5b,function_implementation_promptmit_v2,1..5,20260220_125020,completed,Codes/mitigation/configs/FC-2025/function_implementation/fc_prompt_mitigation_qwen1.5b_v2.json,/Users/dhrubadatta/Documents/Research/CodeAudit X/Codes/mitigation/runs/FC-2025_qwen1.5b_function_implementation_promptmit_v2_20260220_125020,/Users/dhrubadatta/Documents/Research/CodeAudit X/Codes/mitigation/runs/FC-2025_qwen1.5b_function_implementation_promptmit_v2_20260220_125020/FC-2025_qwen1.5b_function_implementation_promptmit_v2_20260220_125020_refined_metrics.json,FC-2025 qwen1.5b function_implementation v2
FC-2025_qwen1.5b_test_case_generation_promptmit_v1_20260220_125142,FC-2025,qwen1.5b,test_case_generation_promptmit_v1,1..5,20260220_125142,completed,Codes/mitigation/configs/FC-2025/test_case_generation/fc_prompt_mitigation_qwen1.5b_v1.json,/Users/dhrubadatta/Documents/Research/CodeAudit X/Codes/mitigation/runs/FC-2025_qwen1.5b_test_case_generation_promptmit_v1_20260220_125142,/Users/dhrubadatta/Documents/Research/CodeAudit X/Codes/mitigation/runs/FC-2025_qwen1.5b_test_case_generation_promptmit_v1_20260220_125142/FC-2025_qwen1.5b_test_case_generation_promptmit_v1_20260220_125142_refined_metrics.json,FC-2025 qwen1.5b test_case_generation v1
FC-2025_qwen1.5b_test_case_generation_promptmit_v2_20260220_125204,FC-2025,qwen1.5b,test_case_generation_promptmit_v2,1..5,20260220_125204,completed,Codes/mitigation/configs/FC-2025/test_case_generation/fc_prompt_mitigation_qwen1.5b_v2.json,/Users/dhrubadatta/Documents/Research/CodeAudit X/Codes/mitigation/runs/FC-2025_qwen1.5b_test_case_generation_promptmit_v2_20260220_125204,/Users/dhrubadatta/Documents/Research/CodeAudit X/Codes/mitigation/runs/FC-2025_qwen1.5b_test_case_generation_promptmit_v2_20260220_125204/FC-2025_qwen1.5b_test_case_generation_promptmit_v2_20260220_125204_refined_metrics.json,FC-2025 qwen1.5b test_case_generation v2
FC-2025_deepseek1.3b_function_implementation_promptmit_v2_20260220_125715,FC-2025,deepseek1.3b,function_implementation_promptmit_v2,1..5,20260220_125715,completed,Codes/mitigation/configs/FC-2025/function_implementation/fc_prompt_mitigation_deepseek1.3b_v2.json,/Users/dhrubadatta/Documents/Research/CodeAudit X/Codes/mitigation/runs/FC-2025_deepseek1.3b_function_implementation_promptmit_v2_20260220_125715,/Users/dhrubadatta/Documents/Research/CodeAudit X/Codes/mitigation/runs/FC-2025_deepseek1.3b_function_implementation_promptmit_v2_20260220_125715/FC-2025_deepseek1.3b_function_implementation_promptmit_v2_20260220_125715_refined_metrics.json,FC-2025 deepseek1.3b function_implementation v2
FC-2025_deepseek1.3b_function_implementation_promptmit_v1_20260220_125711,FC-2025,deepseek1.3b,function_implementation_promptmit_v1,1..5,20260220_125711,completed,Codes/mitigation/configs/FC-2025/function_implementation/fc_prompt_mitigation_deepseek1.3b_v1.json,/Users/dhrubadatta/Documents/Research/CodeAudit X/Codes/mitigation/runs/FC-2025_deepseek1.3b_function_implementation_promptmit_v1_20260220_125711,/Users/dhrubadatta/Documents/Research/CodeAudit X/Codes/mitigation/runs/FC-2025_deepseek1.3b_function_implementation_promptmit_v1_20260220_125711/FC-2025_deepseek1.3b_function_implementation_promptmit_v1_20260220_125711_refined_metrics.json,FC-2025 deepseek1.3b function_implementation v1
FC-2025_deepseek1.3b_test_case_generation_promptmit_v2_20260220_131552,FC-2025,deepseek1.3b,test_case_generation_promptmit_v2,1..5,20260220_131552,completed,Codes/mitigation/configs/FC-2025/test_case_generation/fc_prompt_mitigation_deepseek1.3b_v2.json,/Users/dhrubadatta/Documents/Research/CodeAudit X/Codes/mitigation/runs/FC-2025_deepseek1.3b_test_case_generation_promptmit_v2_20260220_131552,/Users/dhrubadatta/Documents/Research/CodeAudit X/Codes/mitigation/runs/FC-2025_deepseek1.3b_test_case_generation_promptmit_v2_20260220_131552/FC-2025_deepseek1.3b_test_case_generation_promptmit_v2_20260220_131552_refined_metrics.json,FC-2025 deepseek1.3b test_case_generation v2
FC-2025_deepseek1.3b_test_case_generation_promptmit_v1_20260220_131803,FC-2025,deepseek1.3b,test_case_generation_promptmit_v1,1..5,20260220_131803,completed,Codes/mitigation/configs/FC-2025/test_case_generation/fc_prompt_mitigation_deepseek1.3b_v1.json,/Users/dhrubadatta/Documents/Research/CodeAudit X/Codes/mitigation/runs/FC-2025_deepseek1.3b_test_case_generation_promptmit_v1_20260220_131803,/Users/dhrubadatta/Documents/Research/CodeAudit X/Codes/mitigation/runs/FC-2025_deepseek1.3b_test_case_generation_promptmit_v1_20260220_131803/FC-2025_deepseek1.3b_test_case_generation_promptmit_v1_20260220_131803_refined_metrics.json,FC-2025 deepseek1.3b test_case_generation v1
FC-2025_qwen1.5b_function_implementation_postgenast_v1_20260220_132933,FC-2025,qwen1.5b,function_implementation_postgenast_v1,1..5,20260220_132933,completed,Codes/mitigation/configs/FC-2025/function_implementation/fc_postgen_qwen1.5b_v1.json,/Users/dhrubadatta/Documents/Research/CodeAudit X/Codes/mitigation/runs/FC-2025_qwen1.5b_function_implementation_postgenast_v1_20260220_132933,/Users/dhrubadatta/Documents/Research/CodeAudit X/Codes/mitigation/runs/FC-2025_qwen1.5b_function_implementation_postgenast_v1_20260220_132933/FC-2025_qwen1.5b_function_implementation_postgenast_v1_20260220_132933_refined_metrics.json,Post-gen AST scrub from FC-2025_qwen1.5b_function_implementation_promptmit_v1_20260220_125023
FC-2025_qwen1.5b_test_case_generation_postgenast_v1_20260220_132933,FC-2025,qwen1.5b,test_case_generation_postgenast_v1,1..5,20260220_132933,completed,Codes/mitigation/configs/FC-2025/test_case_generation/fc_postgen_qwen1.5b_v1.json,/Users/dhrubadatta/Documents/Research/CodeAudit X/Codes/mitigation/runs/FC-2025_qwen1.5b_test_case_generation_postgenast_v1_20260220_132933,/Users/dhrubadatta/Documents/Research/CodeAudit X/Codes/mitigation/runs/FC-2025_qwen1.5b_test_case_generation_postgenast_v1_20260220_132933/FC-2025_qwen1.5b_test_case_generation_postgenast_v1_20260220_132933_refined_metrics.json,Post-gen AST scrub from FC-2025_qwen1.5b_test_case_generation_promptmit_v1_20260220_125142
FC-2025_deepseek1.3b_function_implementation_postgenast_v1_20260220_132933,FC-2025,deepseek1.3b,function_implementation_postgenast_v1,1..5,20260220_132933,completed,Codes/mitigation/configs/FC-2025/function_implementation/fc_postgen_deepseek1.3b_v1.json,/Users/dhrubadatta/Documents/Research/CodeAudit X/Codes/mitigation/runs/FC-2025_deepseek1.3b_function_implementation_postgenast_v1_20260220_132933,/Users/dhrubadatta/Documents/Research/CodeAudit X/Codes/mitigation/runs/FC-2025_deepseek1.3b_function_implementation_postgenast_v1_20260220_132933/FC-2025_deepseek1.3b_function_implementation_postgenast_v1_20260220_132933_refined_metrics.json,Post-gen AST scrub from FC-2025_deepseek1.3b_function_implementation_promptmit_v2_20260220_125715
FC-2025_deepseek1.3b_test_case_generation_postgenast_v1_20260220_132933,FC-2025,deepseek1.3b,test_case_generation_postgenast_v1,1..5,20260220_132933,completed,Codes/mitigation/configs/FC-2025/test_case_generation/fc_postgen_deepseek1.3b_v1.json,/Users/dhrubadatta/Documents/Research/CodeAudit X/Codes/mitigation/runs/FC-2025_deepseek1.3b_test_case_generation_postgenast_v1_20260220_132933,/Users/dhrubadatta/Documents/Research/CodeAudit X/Codes/mitigation/runs/FC-2025_deepseek1.3b_test_case_generation_postgenast_v1_20260220_132933/FC-2025_deepseek1.3b_test_case_generation_postgenast_v1_20260220_132933_refined_metrics.json,Post-gen AST scrub from FC-2025_deepseek1.3b_test_case_generation_promptmit_v2_20260220_131552
UQSB-2023_codegen350M_postgenast_v1_20260220_144237,UQSB-2023,codegen350M,postgenast_v1,1..5,20260220_144237,completed,Codes/mitigation/configs/UQSB-2023/uqsb_postgen_codegen350M_v1.json,Codes/mitigation/runs/UQSB-2023_codegen350M_postgenast_v1_20260220_144237,Codes/mitigation/runs/UQSB-2023_codegen350M_postgenast_v1_20260220_144237/UQSB-2023_codegen350M_postgenast_v1_20260220_144237_refined_metrics.json,UQSB-2023 mitigation pilot
UQSB-2023_codegen350M_promptmit_v1_20260220_143310,UQSB-2023,codegen350M,promptmit_v1,1..5,20260220_143310,completed,Codes/mitigation/configs/UQSB-2023/uqsb_prompt_codegen350M_v1.json,Codes/mitigation/runs/UQSB-2023_codegen350M_promptmit_v1_20260220_143310,Codes/mitigation/runs/UQSB-2023_codegen350M_promptmit_v1_20260220_143310/UQSB-2023_codegen350M_promptmit_v1_20260220_143310_refined_metrics.json,UQSB-2023 mitigation pilot
UQSB-2023_codegen350M_promptmit_v2_20260220_143641,UQSB-2023,codegen350M,promptmit_v2,1..5,20260220_143641,completed,Codes/mitigation/configs/UQSB-2023/uqsb_prompt_codegen350M_v2.json,Codes/mitigation/runs/UQSB-2023_codegen350M_promptmit_v2_20260220_143641,Codes/mitigation/runs/UQSB-2023_codegen350M_promptmit_v2_20260220_143641/UQSB-2023_codegen350M_promptmit_v2_20260220_143641_refined_metrics.json,UQSB-2023 mitigation pilot
UQSB-2023_deepseek1.3b_postgenast_v1_20260220_144238,UQSB-2023,deepseek1.3b,postgenast_v1,1..5,20260220_144238,completed,Codes/mitigation/configs/UQSB-2023/uqsb_postgen_deepseek1.3b_v1.json,Codes/mitigation/runs/UQSB-2023_deepseek1.3b_postgenast_v1_20260220_144238,Codes/mitigation/runs/UQSB-2023_deepseek1.3b_postgenast_v1_20260220_144238/UQSB-2023_deepseek1.3b_postgenast_v1_20260220_144238_refined_metrics.json,UQSB-2023 mitigation pilot
UQSB-2023_deepseek1.3b_promptmit_v1_20260220_143330,UQSB-2023,deepseek1.3b,promptmit_v1,1..5,20260220_143330,completed,Codes/mitigation/configs/UQSB-2023/uqsb_prompt_deepseek1.3b_v1.json,Codes/mitigation/runs/UQSB-2023_deepseek1.3b_promptmit_v1_20260220_143330,Codes/mitigation/runs/UQSB-2023_deepseek1.3b_promptmit_v1_20260220_143330/UQSB-2023_deepseek1.3b_promptmit_v1_20260220_143330_refined_metrics.json,UQSB-2023 mitigation pilot
UQSB-2023_deepseek1.3b_promptmit_v2_20260220_143946,UQSB-2023,deepseek1.3b,promptmit_v2,1..5,20260220_143946,completed,Codes/mitigation/configs/UQSB-2023/uqsb_prompt_deepseek1.3b_v2.json,Codes/mitigation/runs/UQSB-2023_deepseek1.3b_promptmit_v2_20260220_143946,Codes/mitigation/runs/UQSB-2023_deepseek1.3b_promptmit_v2_20260220_143946/UQSB-2023_deepseek1.3b_promptmit_v2_20260220_143946_refined_metrics.json,UQSB-2023 mitigation pilot
UQSB-2023_qwen1.5b_postgenast_v1_20260220_144238,UQSB-2023,qwen1.5b,postgenast_v1,1..5,20260220_144238,completed,Codes/mitigation/configs/UQSB-2023/uqsb_postgen_qwen1.5b_v1.json,Codes/mitigation/runs/UQSB-2023_qwen1.5b_postgenast_v1_20260220_144238,Codes/mitigation/runs/UQSB-2023_qwen1.5b_postgenast_v1_20260220_144238/UQSB-2023_qwen1.5b_postgenast_v1_20260220_144238_refined_metrics.json,UQSB-2023 mitigation pilot
UQSB-2023_qwen1.5b_promptmit_v1_20260220_143340,UQSB-2023,qwen1.5b,promptmit_v1,1..5,20260220_143340,completed,Codes/mitigation/configs/UQSB-2023/uqsb_prompt_qwen1.5b_v1.json,Codes/mitigation/runs/UQSB-2023_qwen1.5b_promptmit_v1_20260220_143340,Codes/mitigation/runs/UQSB-2023_qwen1.5b_promptmit_v1_20260220_143340/UQSB-2023_qwen1.5b_promptmit_v1_20260220_143340_refined_metrics.json,UQSB-2023 mitigation pilot
UQSB-2023_qwen1.5b_promptmit_v2_20260220_143653,UQSB-2023,qwen1.5b,promptmit_v2,1..5,20260220_143653,completed,Codes/mitigation/configs/UQSB-2023/uqsb_prompt_qwen1.5b_v2.json,Codes/mitigation/runs/UQSB-2023_qwen1.5b_promptmit_v2_20260220_143653,Codes/mitigation/runs/UQSB-2023_qwen1.5b_promptmit_v2_20260220_143653/UQSB-2023_qwen1.5b_promptmit_v2_20260220_143653_refined_metrics.json,UQSB-2023 mitigation pilot
SEB-2023_codegen350M_promptmit_v1_20260220_151152,SEB-2023,codegen350M,promptmit_v1,1..5,20260220_151152,completed,Codes/mitigation/configs/SEB-2023/seb_prompt_codegen350M_v1.json,Codes/mitigation/runs/SEB-2023_codegen350M_promptmit_v1_20260220_151152,Codes/mitigation/runs/SEB-2023_codegen350M_promptmit_v1_20260220_151152/SEB-2023_codegen350M_promptmit_v1_20260220_151152_refined_metrics.json,SEB-2023 mitigation pilot v1
SEB-2023_deepseek1.3b_promptmit_v1_20260220_151204,SEB-2023,deepseek1.3b,promptmit_v1,1..5,20260220_151204,completed,Codes/mitigation/configs/SEB-2023/seb_prompt_deepseek1.3b_v1.json,Codes/mitigation/runs/SEB-2023_deepseek1.3b_promptmit_v1_20260220_151204,Codes/mitigation/runs/SEB-2023_deepseek1.3b_promptmit_v1_20260220_151204/SEB-2023_deepseek1.3b_promptmit_v1_20260220_151204_refined_metrics.json,SEB-2023 mitigation pilot v1
SEB-2023_qwen1.5b_promptmit_v1_20260220_151217,SEB-2023,qwen1.5b,promptmit_v1,1..5,20260220_151217,completed,Codes/mitigation/configs/SEB-2023/seb_prompt_qwen1.5b_v1.json,Codes/mitigation/runs/SEB-2023_qwen1.5b_promptmit_v1_20260220_151217,Codes/mitigation/runs/SEB-2023_qwen1.5b_promptmit_v1_20260220_151217/SEB-2023_qwen1.5b_promptmit_v1_20260220_151217_refined_metrics.json,SEB-2023 mitigation pilot v1
SEB-2023_codegen350M_promptmit_v2_20260220_152321,SEB-2023,codegen350M,promptmit_v2,1..5,20260220_152321,completed,Codes/mitigation/configs/SEB-2023/seb_prompt_codegen350M_v2.json,Codes/mitigation/runs/SEB-2023_codegen350M_promptmit_v2_20260220_152321,Codes/mitigation/runs/SEB-2023_codegen350M_promptmit_v2_20260220_152321/SEB-2023_codegen350M_promptmit_v2_20260220_152321_refined_metrics.json,SEB-2023 mitigation pilot v2
SEB-2023_deepseek1.3b_promptmit_v2_20260220_152331,SEB-2023,deepseek1.3b,promptmit_v2,1..5,20260220_152331,completed,Codes/mitigation/configs/SEB-2023/seb_prompt_deepseek1.3b_v2.json,Codes/mitigation/runs/SEB-2023_deepseek1.3b_promptmit_v2_20260220_152331,Codes/mitigation/runs/SEB-2023_deepseek1.3b_promptmit_v2_20260220_152331/SEB-2023_deepseek1.3b_promptmit_v2_20260220_152331_refined_metrics.json,SEB-2023 mitigation pilot v2
SEB-2023_qwen1.5b_promptmit_v2_20260220_152344,SEB-2023,qwen1.5b,promptmit_v2,1..5,20260220_152344,completed,Codes/mitigation/configs/SEB-2023/seb_prompt_qwen1.5b_v2.json,Codes/mitigation/runs/SEB-2023_qwen1.5b_promptmit_v2_20260220_152344,Codes/mitigation/runs/SEB-2023_qwen1.5b_promptmit_v2_20260220_152344/SEB-2023_qwen1.5b_promptmit_v2_20260220_152344_refined_metrics.json,SEB-2023 mitigation pilot v2
SEB-2023_codegen350M_postgenast_v1_20260220_153238,SEB-2023,codegen350M,postgenast_v1,1..5,20260220_153238,completed,Codes/mitigation/configs/SEB-2023/seb_postgen_codegen350M_v1.json,Codes/mitigation/runs/SEB-2023_codegen350M_postgenast_v1_20260220_153238,Codes/mitigation/runs/SEB-2023_codegen350M_postgenast_v1_20260220_153238/SEB-2023_codegen350M_postgenast_v1_20260220_153238_refined_metrics.json,SEB-2023 mitigation pilot postgen
SEB-2023_deepseek1.3b_postgenast_v1_20260220_153238,SEB-2023,deepseek1.3b,postgenast_v1,1..5,20260220_153238,completed,Codes/mitigation/configs/SEB-2023/seb_postgen_deepseek1.3b_v1.json,Codes/mitigation/runs/SEB-2023_deepseek1.3b_postgenast_v1_20260220_153238,Codes/mitigation/runs/SEB-2023_deepseek1.3b_postgenast_v1_20260220_153238/SEB-2023_deepseek1.3b_postgenast_v1_20260220_153238_refined_metrics.json,SEB-2023 mitigation pilot postgen
SEB-2023_qwen1.5b_postgenast_v1_20260220_153238,SEB-2023,qwen1.5b,postgenast_v1,1..5,20260220_153238,completed,Codes/mitigation/configs/SEB-2023/seb_postgen_qwen1.5b_v1.json,Codes/mitigation/runs/SEB-2023_qwen1.5b_postgenast_v1_20260220_153238,Codes/mitigation/runs/SEB-2023_qwen1.5b_postgenast_v1_20260220_153238/SEB-2023_qwen1.5b_postgenast_v1_20260220_153238_refined_metrics.json,SEB-2023 mitigation pilot postgen
BU-2024_codegen350M_promptmit_v1_20260220_155604,BU-2024,codegen350M,promptmit_v1,1..5,20260220_155604,completed,Codes/mitigation/configs/BU-2024/bu_prompt_codegen350M_v1.json,Codes/mitigation/runs/BU-2024_codegen350M_promptmit_v1_20260220_155604,Codes/mitigation/runs/BU-2024_codegen350M_promptmit_v1_20260220_155604/BU-2024_codegen350M_promptmit_v1_20260220_155604_refined_metrics.json,BU-2024 mitigation pilot v1
BU-2024_deepseek1.3b_promptmit_v1_20260220_155623,BU-2024,deepseek1.3b,promptmit_v1,1..5,20260220_155623,completed,Codes/mitigation/configs/BU-2024/bu_prompt_deepseek1.3b_v1.json,Codes/mitigation/runs/BU-2024_deepseek1.3b_promptmit_v1_20260220_155623,Codes/mitigation/runs/BU-2024_deepseek1.3b_promptmit_v1_20260220_155623/BU-2024_deepseek1.3b_promptmit_v1_20260220_155623_refined_metrics.json,BU-2024 mitigation pilot v1
BU-2024_qwen1.5b_promptmit_v1_20260220_155632,BU-2024,qwen1.5b,promptmit_v1,1..5,20260220_155632,completed,Codes/mitigation/configs/BU-2024/bu_prompt_qwen1.5b_v1.json,Codes/mitigation/runs/BU-2024_qwen1.5b_promptmit_v1_20260220_155632,Codes/mitigation/runs/BU-2024_qwen1.5b_promptmit_v1_20260220_155632/BU-2024_qwen1.5b_promptmit_v1_20260220_155632_refined_metrics.json,BU-2024 mitigation pilot v1
BU-2024_codegen350M_promptmit_v2_20260220_161009,BU-2024,codegen350M,promptmit_v2,1..5,20260220_161009,completed,Codes/mitigation/configs/BU-2024/bu_prompt_codegen350M_v2.json,Codes/mitigation/runs/BU-2024_codegen350M_promptmit_v2_20260220_161009,Codes/mitigation/runs/BU-2024_codegen350M_promptmit_v2_20260220_161009/BU-2024_codegen350M_promptmit_v2_20260220_161009_refined_metrics.json,BU-2024 mitigation pilot v2
BU-2024_deepseek1.3b_promptmit_v2_20260220_161016,BU-2024,deepseek1.3b,promptmit_v2,1..5,20260220_161016,completed,Codes/mitigation/configs/BU-2024/bu_prompt_deepseek1.3b_v2.json,Codes/mitigation/runs/BU-2024_deepseek1.3b_promptmit_v2_20260220_161016,Codes/mitigation/runs/BU-2024_deepseek1.3b_promptmit_v2_20260220_161016/BU-2024_deepseek1.3b_promptmit_v2_20260220_161016_refined_metrics.json,BU-2024 mitigation pilot v2
BU-2024_qwen1.5b_promptmit_v2_20260220_161037,BU-2024,qwen1.5b,promptmit_v2,1..5,20260220_161037,completed,Codes/mitigation/configs/BU-2024/bu_prompt_qwen1.5b_v2.json,Codes/mitigation/runs/BU-2024_qwen1.5b_promptmit_v2_20260220_161037,Codes/mitigation/runs/BU-2024_qwen1.5b_promptmit_v2_20260220_161037/BU-2024_qwen1.5b_promptmit_v2_20260220_161037_refined_metrics.json,BU-2024 mitigation pilot v2
BU-2024_codegen350M_postgenast_v1_20260220_162500,BU-2024,codegen350M,postgenast_v1,1..5,20260220_162500,completed,Codes/mitigation/configs/BU-2024/bu_postgen_codegen350M_v1.json,Codes/mitigation/runs/BU-2024_codegen350M_postgenast_v1_20260220_162500,Codes/mitigation/runs/BU-2024_codegen350M_postgenast_v1_20260220_162500/BU-2024_codegen350M_postgenast_v1_20260220_162500_refined_metrics.json,BU-2024 mitigation pilot postgen
BU-2024_deepseek1.3b_postgenast_v1_20260220_162500,BU-2024,deepseek1.3b,postgenast_v1,1..5,20260220_162500,completed,Codes/mitigation/configs/BU-2024/bu_postgen_deepseek1.3b_v1.json,Codes/mitigation/runs/BU-2024_deepseek1.3b_postgenast_v1_20260220_162500,Codes/mitigation/runs/BU-2024_deepseek1.3b_postgenast_v1_20260220_162500/BU-2024_deepseek1.3b_postgenast_v1_20260220_162500_refined_metrics.json,BU-2024 mitigation pilot postgen
BU-2024_qwen1.5b_postgenast_v1_20260220_162500,BU-2024,qwen1.5b,postgenast_v1,1..5,20260220_162500,completed,Codes/mitigation/configs/BU-2024/bu_postgen_qwen1.5b_v1.json,Codes/mitigation/runs/BU-2024_qwen1.5b_postgenast_v1_20260220_162500,Codes/mitigation/runs/BU-2024_qwen1.5b_postgenast_v1_20260220_162500/BU-2024_qwen1.5b_postgenast_v1_20260220_162500_refined_metrics.json,BU-2024 mitigation pilot postgen
IMSB-2025_codegen350M_promptmit_v1_20260220_181742,IMSB-2025,codegen350M,promptmit_v1,1..5,20260220_181742,completed,Codes/mitigation/configs/IMSB-2025/imsb_prompt_codegen350M_v1.json,Codes/mitigation/runs/IMSB-2025_codegen350M_promptmit_v1_20260220_181742,Codes/mitigation/runs/IMSB-2025_codegen350M_promptmit_v1_20260220_181742/IMSB-2025_codegen350M_promptmit_v1_20260220_181742_refined_metrics.json,IMSB-2025 mitigation pilot v1
IMSB-2025_codegen350M_promptmit_v2_20260220_182145,IMSB-2025,codegen350M,promptmit_v2,1..5,20260220_182145,completed,Codes/mitigation/configs/IMSB-2025/imsb_prompt_codegen350M_v2.json,Codes/mitigation/runs/IMSB-2025_codegen350M_promptmit_v2_20260220_182145,Codes/mitigation/runs/IMSB-2025_codegen350M_promptmit_v2_20260220_182145/IMSB-2025_codegen350M_promptmit_v2_20260220_182145_refined_metrics.json,IMSB-2025 mitigation pilot v2
IMSB-2025_deepseek1.3b_promptmit_v1_20260220_182019,IMSB-2025,deepseek1.3b,promptmit_v1,1..5,20260220_182019,completed,Codes/mitigation/configs/IMSB-2025/imsb_prompt_deepseek1.3b_v1.json,Codes/mitigation/runs/IMSB-2025_deepseek1.3b_promptmit_v1_20260220_182019,Codes/mitigation/runs/IMSB-2025_deepseek1.3b_promptmit_v1_20260220_182019/IMSB-2025_deepseek1.3b_promptmit_v1_20260220_182019_refined_metrics.json,IMSB-2025 mitigation pilot v1
IMSB-2025_deepseek1.3b_promptmit_v2_20260220_182424,IMSB-2025,deepseek1.3b,promptmit_v2,1..5,20260220_182424,completed,Codes/mitigation/configs/IMSB-2025/imsb_prompt_deepseek1.3b_v2.json,Codes/mitigation/runs/IMSB-2025_deepseek1.3b_promptmit_v2_20260220_182424,Codes/mitigation/runs/IMSB-2025_deepseek1.3b_promptmit_v2_20260220_182424/IMSB-2025_deepseek1.3b_promptmit_v2_20260220_182424_refined_metrics.json,IMSB-2025 mitigation pilot v2
IMSB-2025_qwen1.5b_promptmit_v1_20260220_181842,IMSB-2025,qwen1.5b,promptmit_v1,1..5,20260220_181842,completed,Codes/mitigation/configs/IMSB-2025/imsb_prompt_qwen1.5b_v1.json,Codes/mitigation/runs/IMSB-2025_qwen1.5b_promptmit_v1_20260220_181842,Codes/mitigation/runs/IMSB-2025_qwen1.5b_promptmit_v1_20260220_181842/IMSB-2025_qwen1.5b_promptmit_v1_20260220_181842_refined_metrics.json,IMSB-2025 mitigation pilot v1
IMSB-2025_qwen1.5b_promptmit_v2_20260220_182240,IMSB-2025,qwen1.5b,promptmit_v2,1..5,20260220_182240,completed,Codes/mitigation/configs/IMSB-2025/imsb_prompt_qwen1.5b_v2.json,Codes/mitigation/runs/IMSB-2025_qwen1.5b_promptmit_v2_20260220_182240,Codes/mitigation/runs/IMSB-2025_qwen1.5b_promptmit_v2_20260220_182240/IMSB-2025_qwen1.5b_promptmit_v2_20260220_182240_refined_metrics.json,IMSB-2025 mitigation pilot v2
IMSB-2025_codegen350M_postgenast_v1_20260220_182638,IMSB-2025,codegen350M,postgenast_v1,1..5,20260220_182638,completed,Codes/mitigation/configs/IMSB-2025/imsb_postgen_codegen350M_v1.json,Codes/mitigation/runs/IMSB-2025_codegen350M_postgenast_v1_20260220_182638,Codes/mitigation/runs/IMSB-2025_codegen350M_postgenast_v1_20260220_182638/IMSB-2025_codegen350M_postgenast_v1_20260220_182638_refined_metrics.json,IMSB-2025 mitigation pilot postgen
IMSB-2025_deepseek1.3b_postgenast_v1_20260220_182639,IMSB-2025,deepseek1.3b,postgenast_v1,1..5,20260220_182639,completed,Codes/mitigation/configs/IMSB-2025/imsb_postgen_deepseek1.3b_v1.json,Codes/mitigation/runs/IMSB-2025_deepseek1.3b_postgenast_v1_20260220_182639,Codes/mitigation/runs/IMSB-2025_deepseek1.3b_postgenast_v1_20260220_182639/IMSB-2025_deepseek1.3b_postgenast_v1_20260220_182639_refined_metrics.json,IMSB-2025 mitigation pilot postgen
IMSB-2025_qwen1.5b_postgenast_v1_20260220_182639,IMSB-2025,qwen1.5b,postgenast_v1,1..5,20260220_182639,completed,Codes/mitigation/configs/IMSB-2025/imsb_postgen_qwen1.5b_v1.json,Codes/mitigation/runs/IMSB-2025_qwen1.5b_postgenast_v1_20260220_182639,Codes/mitigation/runs/IMSB-2025_qwen1.5b_postgenast_v1_20260220_182639/IMSB-2025_qwen1.5b_postgenast_v1_20260220_182639_refined_metrics.json,IMSB-2025 mitigation pilot postgen
